,Manufacturer,Model,Application(s),Power,SFC,Airflow,OPR,Number,LPC,HPC,HPT,IPT,LPT,Length,Diameter,Weight
0,Allison,250-B17C,"P68TP, A36, GZ22",313.194,0.3996382438120626,4.0,7.2,1 + FT,,6 + 1C,2.0,,2.0,1.143,0.5715,88.45044
1,MTU,250-MTU-C20B,BO105M/P,313.194,0.39538030209717,4.0,7.2,1 + FT,,6 + 1C,2.0,,2.0,1.03378,0.5892799999999999,71.667536
2,Allison,250-C20J,"TH-57B/C, TH-67A",313.194,0.39538030209717,4.0,7.2,1 + FT,,6 + 1C,2.0,,2.0,0.9855199999999998,0.5892799999999999,73.028312
3,Allison,250-C20R/1,"A109A Mk.2, A190 EOA, A109CM",335.565,0.3698326518078144,,7.9,1 + FT,,4 + 1C,2.0,,2.0,0.9855199999999998,0.5892799999999999,78.471416
4,Allison,250-C28C,BO105LS/LS-A1/LS-A3,372.85,0.3686160970321308,4.0,8.4,1 + FT,,1C,2.0,,2.0,1.20142,0.63754,104.32616
5,Allison,250-C30L,Bell 406CS,484.70500000000004,0.36010021360234556,6.0,8.6,1 + FT,,1C,2.0,,2.0,1.09728,0.6476999999999999,117.026736
6,Allison,250-C30R,"AH-58D, OH-58D",484.70500000000004,0.36010021360234556,6.0,8.4,1 + FT,,1C,2.0,,2.0,1.09728,0.6476999999999999,117.026736
7,Allison,250-C30R/1,"AH-58D, OH-58D",484.70500000000004,0.36010021360234556,6.0,8.4,1 + FT,,1C,2.0,,2.0,1.09728,0.6476999999999999,117.026736
8,Allison,250-C30R/2,"AH-58D, OH-58D",484.70500000000004,0.36010021360234556,6.0,8.4,1 + FT,,1C,2.0,,2.0,1.09728,0.6476999999999999,117.026736
9,Allison,250-C30R/3,"AH-58D, OH-58D",484.70500000000004,0.36010021360234556,6.0,8.4,1 + FT,,1C,2.0,,2.0,1.09728,0.6476999999999999,117.026736
10,Allison,250-C30R/3M,"AH-6??, MH-6??",484.70500000000004,0.36010021360234556,6.0,8.4,1 + FT,,1C,2.0,,2.0,1.09728,0.6476999999999999,117.026736
11,Allison,250-C30S,"AUH-76A, S-75, S-76A-2",484.70500000000004,0.36010021360234556,6.0,8.4,1 + FT,,1C,2.0,,2.0,1.09728,0.6476999999999999,117.026736
12,Turbomeca,Arriel 1A,SA365C,477.99370000000005,0.34854294323335133,,9.0,1 + FT,,1 + 1C,2.0,,1.0,1.0896599999999999,0.5689599999999999,120.20188
13,Turbomeca,Arriel 1A1,SA365C1,477.99370000000005,0.34854294323335133,,9.0,1 + FT,,1 + 1C,2.0,,1.0,1.0896599999999999,0.5689599999999999,120.20188
14,Turbomeca,Arriel 1A2,SA365C2,477.99370000000005,0.34854294323335133,,9.0,1 + FT,,1 + 1C,2.0,,1.0,1.0896599999999999,0.5689599999999999,120.20188
15,Turbomeca,Arriel 1B,AS350B/BA,477.99370000000005,0.34854294323335133,,9.0,1 + FT,,1 + 1C,2.0,,1.0,1.0896599999999999,0.5689599999999999,120.20188
16,Turbomeca,Astazou XIVB,SA319F,427.28610000000003,0.3795650900132832,,,1,,2 + 1C,3.0,,,1.4300199999999998,,166.014672
17,Turbomeca,Astazou XX,SA361,749.4285,0.30900491302363436,,,1,,3 + 1C,4.0,,,1.52908,0.7213599999999999,195.04456
18,GE,CT7-2A,EH101 prototypes,1211.7625,0.28771520444917137,,,1 + FT,,5 + 1C,2.0,,2.0,1.1938,0.6604,200.487664
19,GE,CT7-6A1,"CH-148 Petrel, CH-149 Chimo (not produced)",1599.5265000000002,0.270683437589601,,19.0,1 + FT,,5 + 1C,2.0,,2.0,1.22428,0.635,223.620856
20,LHTEC,CTS800-2,A129,1014.152,0.27250826975312636,,14.1,1 + FT,,2C,2.0,,2.0,1.04648,0.6985,173.725736
21,LHTEC,CTS800-4N,"UH-1H, Super Lynx 300",1014.152,0.27250826975312636,,14.1,1 + FT,,2C,2.0,,2.0,1.04648,0.6985,173.725736
22,Progress,D-136,"Mi-26 'Halo', Mi-26MS/T/TZ",8500.98,0.2773744888558608,562.0,18.7,2 + FT,6,7,1.0,1,2.0,3.7160200000000003,1.40208,1050.06548
23,Napier,Gazelle NGa.2 Mk.101,Belvedere HC.1,1092.4505000000001,0.450125267002932,16.0,6.3,1 + FT,,11,2.0,,1.0,1.905,1.0795,420.933376
24,Napier,Gazelle NGa.13 Mk.161,Wessex HAS.1,1081.265,0.450125267002932,16.0,5.9,1 + FT,,11,2.0,,1.0,1.905,1.0795,426.37648
25,Napier,Gazelle NGa.13/2 Mk.162,Wessex HAS.31,1148.3780000000002,0.45620804088135,16.0,6.1,1 + FT,,11,2.0,,1.0,1.905,1.0795,426.37648
26,Napier,Gazelle NGa.22 Mk.165,Wessex HAS.3,1193.1200000000001,0.4197113976108419,17.0,5.9,1 + FT,,11,2.0,,1.0,1.905,1.0795,400.975328
27,Napier,Gazelle NGa.22 Mk.165C,Wessex HAS.31B,1193.1200000000001,0.4197113976108419,17.0,5.9,1 + FT,,11,2.0,,1.0,1.905,1.0795,400.975328
28,Rolls-Royce,Gem 2 Mk.1001,"Lynx  AH.1/HAS.2/HAS.3(FN)/Mk.21/Mk.23/Mk.25/Mk.80, Lynx  Mk.22/Mk.24/Mk.26 (not produced)",615.2025,0.316304241677736,,12.0,3,4,1C,1.0,1,2.0,1.10236,0.5969,178.261656
29,Piaggio,Gem 2 Mk.1004D,A129,615.2025,0.316304241677736,,,3,4,1C,1.0,1,2.0,,,163.29312
30,Rolls-Royce,Gem 42-1 Mk.204,Lynx HAS.3/HAS.3S/HAS.3ICE/HAS.3GM/HAS.4(FN),745.7,0.298055920042482,,13.0,3,4,1C,1.0,1,2.0,1.09728,0.5969,183.251168
31,Rolls-Royce,Gem 42-1 Mk.205,Lynx HAS.3/HAS.3S/HAS.3ICE/HAS.3GM/HAS.4(FN),745.7,0.298055920042482,,13.0,3,4,1C,1.0,1,2.0,1.09728,0.5969,183.251168
32,Rolls-Royce,Gem 42 Mk.1017,,745.7,0.298055920042482,,13.0,3,4,1C,1.0,1,2.0,1.09728,0.5969,183.251168
33,de Havilland (Bristol Siddeley),Gnome H.1400,"Sea King HAS.1, Whirlwind HCC.12, HKP-4C",1043.98,0.377131980461916,,8.4,1 + FT,,10,2.0,,1.0,1.3919199999999998,0.57658,147.870992
34,de Havilland (Bristol Siddeley),Gnome H.1400-1,"Sea King HAS.2/HAR.3/HC.4/HAS.5/HAS.6/ASW.6, A 101G",1237.862,0.377131980461916,14.0,8.5,1 + FT,,10,2.0,,1.0,1.3919199999999998,0.57658,147.870992
35,Glushenkov (OMKB),GTD-350,Mi-2RM/URN/URP/US 'Hoplite',293.80580000000003,0.510953005787112,5.0,6.1,1 + FT,,7 + 1C,1.0,,2.0,1.3817599999999999,0.62992,139.252744
36,Avco Lycoming,LTP 101-600A-1A,P.166-DL3,458.6055,0.3309028989859392,,8.5,1 + FT,,1 + 1C,1.0,,1.0,0.9499599999999999,0.59182,147.4174
37,Avco Lycoming,LTP 101-700A-1A,P.166-DLR-MAR,521.99,0.3309028989859392,,,1 + FT,,1 + 1C,1.0,,1.0,0.9499599999999999,0.59182,147.4174
38,Avco Lycoming,LTS 101-750B-2,HH-65A/B/C,553.3094,0.346718111069826,,8.8,1 + FT,,1 + 1C,1.0,,1.0,0.8229599999999999,0.6273799999999999,121.562656
39,Turbomeca,Makila 1A1,AS532AC/AL/SC/UC/UL,1399.6789,0.29258142355190575,,,1 + FT,,3 + 1C,2.0,,2.0,1.3944599999999998,0.51562,242.67172
40,MTU/Rolls-Royce,MTR 390,"Tiger PAH/HAC, HAP, UHT",1160.3092000000001,0.279807598407228,7.0,14.0,1 + FT,,2C,1.0,,2.0,1.07696,0.68326,169.189816
41,Kuznetsov,NK-12M,Tu-95M 'Bear-A',11032.631500000001,0.21897985962304797,143.0,13.0,1,,14,5.0,,,5.999479999999999,1.15062,2350.060152
42,Pratt Whitney Canada,PT6A-25,T-34C,533.1755,0.383214754340334,,,1 + FT,,3 + 1C,2.0,,1.0,1.5748,0.4826,160.117976
43,Pratt Whitney Canada,PT6A-25A,"PC-7, PZL-130T/TE",484.70500000000004,0.383214754340334,,,1 + FT,,3 + 1C,2.0,,1.0,1.5748,0.4826,155.582056
44,Pratt Whitney Canada,PT6A-25C,"EMB-312 Tucano, PZL-103TD",559.275,0.361925045765871,,,1 + FT,,3 + 1C,2.0,,1.0,1.5748,0.4826,151.95332
45,Pratt Whitney Canada,PT6A-27,"UV-18A/B, CC-138 Twin Otter, G-21G Turbo-Goose",462.334,0.36618298748076356,7.0,6.7,1 + FT,,3 + 1C,2.0,,1.0,1.5748,0.4826,148.778176
46,Pratt Whitney Canada,PT6A-34,"EMB-111, IAI 201/202",559.275,0.361925045765871,,,1 + FT,,3 + 1C,2.0,,1.0,1.5748,0.4826,150.138952
47,Pratt Whitney Canada,PT6A-34B,T-44A,559.275,0.361925045765871,,,1 + FT,,3 + 1C,2.0,,1.0,1.5748,0.4826,156.035648
48,Pratt Whitney Canada,PT6A-41,"C-12C/D/L, RC-12D/G/H, TC-12B, UC-12B/D",633.845,0.35949193621450376,,,1 + FT,,3 + 1C,2.0,,2.0,1.7018,0.4826,182.797576
49,Pratt Whitney Canada,PT6A-60A,C-12S,782.985,0.3333360085373064,,,1 + FT,,3 + 1C,2.0,,2.0,1.8288,0.4826,215.4562
50,Pratt Whitney Canada,PT6A-62,"PC-9A/B/Mk.2, PZL-130TC/TP",857.5550000000001,0.34489327890630056,,,1 + FT,,3 + 1C,2.0,,2.0,1.778,0.4826,205.930768
51,Pratt Whitney Canada,PT6A-65B,"C-12J, UC-12J",820.27,0.3260366798832048,10.0,10.0,1 + FT,,4 + 1C,2.0,,2.0,1.8796,0.4826,218.177752
52,Pratt Whitney Canada,PT6A-66,Saras (prototype),633.845,0.377131980461916,,,1 + FT,,4 + 1C,2.0,,2.0,1.778,0.4826,213.18824
53,Pratt Whitney Canada,PT6A-68,"JPATS PC-9 Mk.II, CT-156 Harvard II, EMB-312H",932.125,0.328469789434572,,,1 + FT,,4 + 1C,2.0,,2.0,1.778,0.4826,249.929192
54,Pratt Whitney Canada,PT6B-36,S-76B,731.5317,0.3613167683780292,,,1 + FT,,4 + 1C,2.0,,2.0,1.50368,0.49529999999999996,168.736224
55,Pratt Whitney Canada,PT6T-3B-1,CH-146 Griffon,1342.26,0.3625333231537128,,,1 + FT,,4 + 1C,2.0,,2.0,1.7018,1.1176,299.37072
56,Pratt Whitney Canada,PW120A,"CT-142 Dash 8, E-9A",1491.4,0.29501453310327297,,,2 + FT,1C,1C,1.0,1,2.0,2.1336,0.7874,423.20133599999997
57,Rolls-Royce/Turbomeca,RTM 322-01/8,"Merlin HM.1 (EH101 Mk.111),  EH101 Mk.512/Mk.514/Mk.515/Mk.516, US101 (candidate  engine)",1640.54,0.27372482452881,,14.0,1 + FT,,3 + 1C,2.0,,2.0,1.17094,0.6578599999999999,244.486088
58,Rolls-Royce/Turbomeca,RTM 322-02/8,"Merlin HC.3 (EH101 Mk.411), CH-149  Cormorant (candidate engine)",1640.54,0.27372482452881,,14.0,1 + FT,,3 + 1C,2.0,,2.0,1.17094,0.6578599999999999,244.486088
59,Rolls-Royce/Turbomeca,RTM 322-01/9,"NH90 NFH/TTH, HKP-14 (option)",1812.0510000000002,0.255476502893556,,16.0,1 + FT,,3 + 1C,2.0,,2.0,1.17094,0.6578599999999999,226.342408
60,GE,XT31-GE-1,XP-81,1267.69,0.5292013274223659,,6.1,1,,14,1.0,,,2.9463999999999997,0.9144,864.09276
61,GE,XT31-GE-2,XF2R-1,1267.69,0.5292013274223659,,6.1,1,,14,1.0,,,2.9463999999999997,0.9144,864.09276
62,GE,XT31-GE-3,(engine cancelled),1267.69,0.5292013274223659,,6.1,1,,14,1.0,,,2.9463999999999997,0.9144,864.09276
63,Fredrich Flader,XT33-FF-1,(engine cancelled),4399.63,0.35888365882666196,,4.7,1,,11,2.0,,,3.93446,1.3055599999999998,2179.50956
64,Wright,XT35-W-1,"XB-52 (early candidate engine, engine cancelled)",4101.35,0.450125267002932,,4.3,1,,2C,2.0,,,3.8608,1.4986,2018.4844
65,Turbodyne,XT37-NA-3,YB-35A,7457.0,0.407545849854006,,6.0,1,,14,2.0,,,4.2418,1.1683999999999999,2721.552
66,Allison,XT39-A-1,(engine cancelled),6711.3,0.322387015556154,,6.2,1,,16,4.0,,,4.4704,0.9905999999999999,1678.2904
67,Avco Lycoming,T53-L-13B,"EH-1H, HH-1H, UH-1H/M/V",1043.98,0.35280088494824396,,7.4,1 + FT,,5 + 1C,2.0,,2.0,1.20904,0.5841999999999999,247.20764
68,KHI,T53-K-13B2,HH-1H,1043.98,0.35280088494824396,,7.4,1 + FT,,5 + 1C,2.0,,2.0,1.20904,0.5841999999999999,244.93968
69,Avco Lycoming,T53-L-17A,Kaman K-Max,1118.55,0.35888365882666196,13.0,7.4,1 + FT,,5 + 1C,2.0,,2.0,1.20904,0.5841999999999999,247.20764
70,Avco Lycoming,T53-L-701A,"OV-1D, RV-1D, TCH-1A, XC-2",1043.98,0.35888365882666196,,7.4,1 + FT,,5 + 1C,2.0,,2.0,1.48336,0.5841999999999999,314.339256
71,Avco Lycoming,T53-L-703,"AH-1E/F/P/S, UH-1HP, TAH-1F/S",1342.26,0.34550155629414236,,8.0,1 + FT,,7 + 1C,2.0,,2.0,1.20904,0.5841999999999999,247.20764
72,KHI,T53-K-703,"AH-1E, UH-1J",1342.26,0.34550155629414236,,8.0,1 + FT,,7 + 1C,2.0,,2.0,1.20904,0.5841999999999999,247.20764
73,Avco Lycoming,YT55-L-9,Piper Enforcer,1864.25,0.3698326518078144,,,1 + FT,,7 + 1C,2.0,,2.0,1.57988,0.61468,362.420008
74,Avco Lycoming,T55-L-712,"CH-47D, MH-47D, Chinook HC.1/HC.1B",2796.375,0.316304241677736,,8.2,1 + FT,,7 + 1C,2.0,,2.0,1.2319,0.72898,344.72992
75,Avco Lycoming,T55-L-712E,CH-47C+,2796.375,0.316304241677736,,8.2,1 + FT,,7 + 1C,2.0,,2.0,1.2319,0.72898,344.72992
76,Avco Lycoming,T55-L-712F,Chinook HC.2/HC.2A,2796.375,0.316304241677736,,8.2,1 + FT,,7 + 1C,2.0,,2.0,1.2319,0.72898,344.72992
77,KHI,T55-K-712,CH-47-414,2796.375,0.316304241677736,,7.4,1 + FT,,7 + 1C,2.0,,2.0,1.2319,0.72898,244.93968
78,Avco Lycoming (Textron Lycoming),T55-L-714,"CH-47D, MH-47E",3629.3219000000004,0.3059635260844254,29.0,9.3,1 + FT,,7 + 1C,2.0,,2.0,1.2319,0.72898,362.8736
79,Avco Lycoming (Textron Lycoming),T55-L-714A,"CH-47F, MH-47G",3629.3219000000004,0.3041386939209,,9.3,1 + FT,,7 + 1C,2.0,,2.0,1.2319,0.72898,377.388544
80,Allison,T56-A-14,"P-3B/C, CP-140 Aurora",3423.5087000000003,0.328469789434572,32.0,9.6,1,,14,4.0,,,3.7160200000000003,1.2446,855.02092
81,IHI,T56-IHI-14,P-3C,3423.5087000000003,0.361925045765871,32.0,9.5,1,,14,4.0,,,3.7160200000000003,1.2446,855.02092
82,Allison,T56-A-15,"C-130H/K, EC-130E, HC-130H/N/P, TC-130H, Hercules C.1/C.3,  CC-130H Hercules",3423.5087000000003,0.328469789434572,32.0,9.6,1,,14,4.0,,,3.7160200000000003,1.13284,838.238016
83,Allison,T56-A-427,E-2C+,3914.925,0.28589037228564596,,12.0,1,,14,4.0,,,3.71094,1.2268199999999998,879.96848
84,GE,T58-GE-5,"CH-3E, HH-3E/F, SH-3E/F",1118.55,0.36496643270507995,,8.4,2,,10,2.0,,1.0,1.4986,0.5308599999999999,151.95332
85,GE,T58-GE-8F,"SH-2F, SH-3G, UH-2C, CH-124A/B Sea King",1006.695,0.36496643270507995,,8.2,2,,10,2.0,,1.0,1.4986,0.51308,138.34556
86,GE,T58-GE-10,"CH-46D/F, UH-46D/F, HH-2D, HH-3F, SH-3D/G/H, ASH-3A/D/TS,  AS-61R",1043.98,0.377131980461916,14.0,8.4,2,,10,2.0,,1.0,1.4986,0.51308,158.7572
87,GE,T58-GE-16,CH-46E,1394.459,0.322387015556154,14.0,8.4,2,,10,2.0,,2.0,1.6078199999999998,0.61468,199.58048
88,Allison,T63-A-720,"OH-58C, TH-57",311.7026,0.4197113976108419,4.0,7.3,2,,6 + 1C,2.0,,2.0,1.03632,0.5892799999999999,71.667536
89,MTU,T64-MTU-7,CH-53G,2926.8725,0.29197314616406395,,13.0,1 + FT,,14,2.0,,2.0,2.0065999999999997,0.51054,322.957504
90,GE,T64-GE-7A,"CH-53C, HH-53C",2935.0752,0.28589037228564596,,14.1,1 + FT,,14,2.0,,2.0,2.0065999999999997,0.51054,326.58624
91,GE,T64-GE-16A,"CH-53A, YAH-56A",2598.7645,0.29197314616406395,27.0,13.0,1 + FT,,14,2.0,,2.0,2.0065999999999997,0.61468,326.58624
92,GE,T64-GE-100,"MH-53J, TH-53A, S-65A",3228.8810000000003,0.29197314616406395,29.0,14.9,1 + FT,,14,2.0,,2.0,2.0065999999999997,0.61468,326.58624
93,GE,T64-GE-413,"CH-53D, RH-53A, VH-53D",2926.8725,0.28589037228564596,29.0,14.1,1 + FT,,14,2.0,,2.0,2.0065999999999997,0.61468,326.58624
94,GE,T64-GE-413A,"CH-53D, RH-53D, VH-53D",2926.8725,0.28589037228564596,29.0,14.1,1 + FT,,14,2.0,,2.0,2.0065999999999997,0.61468,326.58624
95,GE,T64-GE-415,"RH-53D/E, MH-53J/M, TH-53B",3266.166,0.28589037228564596,29.0,14.8,1 + FT,,14,2.0,,2.0,2.0065999999999997,0.61468,326.58624
96,GE,T64-GE-P4D-1,C-27A,2535.38,0.29197314616406395,27.0,13.2,1 + FT,,14,2.0,,2.0,2.794,0.51054,538.867296
97,Pratt Whitney,T73-P-1,CH-54A,3355.65,0.4197113976108419,,,1 + FT,,9,2.0,,2.0,,0.8635999999999999,417.30464
98,Pratt Whitney,T73-P-700,CH-54B,3579.36,0.41849484283515836,,,1 + FT,,9,2.0,,2.0,,0.8635999999999999,424.10852
99,Garrett,T76-G-10,OV-10A,775.528,0.36496643270507995,,8.6,1,,2,3.0,,,1.0922,0.6858,154.674872
100,Pratt Whitney Canada,T101-CP-100,C-23A/B,633.845,0.3363773954765154,,,1 + FT,,3 + 1C,2.0,,2.0,1.8288,0.4826,203.209216
101,Allison (Rolls-Royce),T406-AD-400,"CV-22A/B, HV-22A/B, MV-22A/B, USMC HLR  (proposed)",4586.055,0.2591261672206068,36.0,16.7,1 + FT,,14,2.0,,2.0,1.9583399999999997,0.86868,440.437832
102,GE,T700-GE-401,"AH-1W/Z, SH-2G, TAH-1W, HH-60D, SH-60B, AH-1T+ prototype",1282.604,0.2822407079585952,,17.0,1 + FT,,5 + 1C,2.0,,2.0,1.1683999999999999,0.635,200.034072
103,GE,T700-GE-401C,"UH-1Y, HH-60H/J, MH-60S, SH-60B/F/H, S-70B/C, AH-1Z (proposed)",1342.26,0.2791993210193862,,18.0,1 + FT,,5 + 1C,2.0,,2.0,1.1683999999999999,0.635,207.745136
104,IHI,T700-IHI-401C,"UH-60J/JA, S-70J/K",1342.26,0.2791993210193862,,18.0,1 + FT,,5 + 1C,2.0,,2.0,1.1683999999999999,0.635,207.745136
105,GE,T700-GE-700,"EH-60A/C, HH-60G, MH-60A/D/G,  UH-60A/P/Q, VH-60N, S-70A, YUH-61A, AH-1T+ prototype, HH-60A/E  (not produced)",1209.5254,0.282848985346437,10.0,17.0,1 + FT,,5 + 1C,2.0,,2.0,1.1683999999999999,0.635,198.219704
106,GE,T700-GE-701,"AH-1Z, AH-64A",1282.604,0.2822407079585952,,17.0,1 + FT,,5 + 1C,2.0,,2.0,1.1683999999999999,0.635,198.673296
107,GE,T700-GE-701A,S-70C,1282.604,0.282848985346437,,17.0,1 + FT,,5 + 1C,2.0,,2.0,1.1683999999999999,0.635,198.673296
108,GE,T700-GE-701C,"EH-60L, HH-60G/L/M, MH-60G/K/L,  NSH-60R, UH-60L, S-70A/C, S-70A-9, AH-64A/D, AH-1Z",1409.373,0.2810241531829116,,18.0,1 + FT,,5 + 1C,2.0,,2.0,1.1683999999999999,0.635,206.837952
109,GE,T700-GE-701D,"AH-64D, UH-60M",1449.6408000000001,0.282848985346437,,18.0,1 + FT,,5 + 1C,2.0,,2.0,1.1683999999999999,0.635,206.837952
110,GE,T700-GE-T6A,"EH101 Mk.110/112/410, US101 (candidate  engine)",1491.4,0.27372482452881,,18.0,1 + FT,,5 + 1C,2.0,,2.0,1.22428,0.635,219.99212
111,GE,T700-GE-T6A-1,CH-149 Cormorant (EH101 Mk.511),1599.5265000000002,0.270683437589601,,19.0,1 + FT,,5 + 1C,2.0,,2.0,1.22428,0.635,223.620856
112,GE,T700-GE-T6E,"NH90 NFH/TTH, HKP-14 (option)",1692.739,0.2639923863233412,,19.0,1 + FT,,5 + 1C,2.0,,2.0,1.22428,0.635,240.857352
113,GE,T700-GE-T6E-1,"NH90 NFH/TTH, HKP-14 (option)",1692.739,0.2639923863233412,,19.0,1 + FT,,5 + 1C,2.0,,2.0,1.22428,0.635,243.578904
114,Allison,T703-AD-700,"OH-58D, Combat Scout 406 (proposed)",484.70500000000004,0.35280088494824396,,8.6,1 + FT,,1C,2.0,,2.0,1.09728,0.63754,102.0582
115,LHTEC,T800-LHT-800,RAH-66A (not produced),1043.98,0.27250826975312636,,14.1,1 + FT,,2C,2.0,,2.0,0.84328,0.66294,142.88148
116,Turbomeca,TM333-2B2,Dhruv,823.9985,0.3217787381683122,,,1 + FT,,2 + 1C,1.0,,1.0,1.04394,0.7111999999999999,156.48924
117,Turbomeca,TM333-2M2,"Cheetal, Chetan (proposed)",823.9985,0.3217787381683122,,,1 + FT,,2 + 1C,1.0,,1.0,1.04394,0.7111999999999999,156.48924
118,Garrett,TPE331-2-201A,Skyvan 3M/3M-200,533.1755,0.3382022276400408,,8.3,1,,2C,3.0,,,,0.6604,152.406912
119,Garrett,TPE331-2-201C,C-212A/AV/B/C/E,533.1755,0.3382022276400408,,8.3,1,,2C,3.0,,,,0.6604,152.406912
120,Garrett,TPE331-3A-301W,C-10A (not produced),626.388,0.3333360085373064,,10.3,1,,2C,3.0,,,1.0922,0.6604,161.02516
121,Garrett,TPE331-3UW-304G,Merlin IVA,674.1128,0.3333360085373064,,10.3,1,,2C,3.0,,,1.0922,0.6604,161.02516
122,Garrett,TPE331-5-251C,C-211-100,626.388,0.35097605278471855,,10.3,1,,2C,3.0,,,1.0922,0.6604,161.02516
123,Garrett,TPE331-5-251K,Turbo Commander 690/690A/680B,626.388,0.35097605278471855,,10.3,1,,2C,3.0,,,1.0922,0.6604,161.02516
124,Garrett,TPE331-5-252C,C-212-100,626.388,0.35097605278471855,,10.3,1,,2C,3.0,,,1.0922,0.6604,161.02516
125,Garrett,TPE331-5-252D,Do 228-101/-202,626.388,0.35097605278471855,,10.3,1,,2C,3.0,,,1.0922,0.6604,161.02516
126,Garrett,TPE331-5-252K,Turbo Commander 690A/690B,626.388,0.35097605278471855,,10.3,1,,2C,3.0,,,1.0922,0.6604,161.02516
127,Garrett,TPE331-5-254K,Jetprop Commander 690C/690D,626.388,0.35097605278471855,,10.3,1,,2C,3.0,,,1.0922,0.6604,161.02516
128,Garrett,TPE331-5-255K,"Turbo Commander 690/690A/690B, Jetprop Commander 690C/690D",626.388,0.35097605278471855,,10.3,1,,2C,3.0,,,1.0922,0.6604,161.02516
129,Garrett,TPE331-10,"C-212-10, Altair, Mariner",733.7688,0.33455256331299,,10.8,1,,2C,3.0,,,,0.6604,172.36496
130,Garrett,TPE331-10-501K,Commander 980/1000,733.7688,0.33455256331299,,10.8,1,,2C,3.0,,,1.1683999999999999,0.6604,172.36496
131,Garrett,TPE331-10R,C-41A,733.7688,0.33455256331299,,10.8,1,,2C,3.0,,,,0.6604,172.36496
132,Garrett,TPE331-10T,YMQ-9A (Predator B),733.7688,0.33455256331299,,10.8,1,,2C,3.0,,,,0.6604,172.36496
133,Garrett,TPE331-10T-516K,"Turbo Commander 690A/690B, Commander 840/900",733.7688,0.33455256331299,,10.8,1,,2C,3.0,,,1.1683999999999999,0.6604,172.36496
134,Garrett,TPE331-10UF,Jetstream T.3,733.7688,0.33455256331299,,10.8,1,,2C,3.0,,,1.1683999999999999,0.6604,172.36496
135,Garrett,TPE331-11-601W,IA 66 prototype,745.7,0.322387015556154,,10.8,1,,2C,3.0,,,1.1683999999999999,0.6604,181.4368
136,Garrett,TPE331-11U-601G,C-26A,745.7,0.322387015556154,,10.8,1,,2C,3.0,,,1.1683999999999999,0.6604,181.4368
137,Garrett,TPE331-11U-611G,C-26A,745.7,0.322387015556154,,10.8,1,,2C,3.0,,,1.1683999999999999,0.6604,181.4368
138,Garrett,TPE331-12UA-701G,C-26B,858.3007,0.3175207964534196,,10.8,1,,2C,3.0,,,1.1683999999999999,0.6604,181.4368
139,Garrett,TPE331-12UAR-701G,C-26B,858.3007,0.3175207964534196,,10.8,1,,2C,3.0,,,1.1683999999999999,0.6604,181.4368
140,Isotov (Klimov),TV2-117A,"Mi-8 'Hip', Mi-9 'Hip-G', Mi-14GP 'Haze'",1245.319,0.36496643270507995,18.0,6.6,1 + FT,,10,2.0,,2.0,2.8321,0.74422,337.92604
141,Baranov (OMSK),TVD-20-03,An-38-200,1029.066,0.3077883582479508,,,1 + FT,,7 + 1C,2.0,,2.0,1.77038,0.8509,284.855776
142,PZL Rzeszów,TWD-10W,W-3L/RM/U,662.1816,0.36496643270507995,10.0,7.4,1 + FT,,6 + 1A,2.0,,1.0,1.8745199999999997,0.76454,140.61352
143,Rolls-Royce,Tyne RTy.12 Mk.101,Belfast C.1,4071.522,0.27372482452881,,13.5,2,6,9,1.0,,3.0,2.7685999999999997,1.09728,1006.5206479999999
144,Rolls-Royce,Tyne RTy.20 Mk.21,Atlantic ATL2 (Br.1150),4366.8192,0.28589037228564596,47.0,14.0,2,6,9,1.0,,3.0,2.7685999999999997,1.09728,999.263176
145,Rolls-Royce,Tyne RTy.20 Mk.22,"C-160A/D/F/G/H/NG/R/P/T/Z, C-160AAA/ASF/S/SE  (not produced)",4548.77,0.28589037228564596,,14.0,2,6,9,1.0,,3.0,2.7685999999999997,1.09728,999.263176
146,Rolls-Royce,Tyne RTy.20 Mk.801,G222T,4086.436,0.2755496566923354,,14.0,2,6,9,1.0,,3.0,2.7685999999999997,1.09728,992.005704
